{
"config":[
	"Replicat    REP2",
        "UseridAlias TGGATE",
	"HANDLECOLLISIONS",
	"END RUNTIME",
        "map oggoow181.soe.addresses,target soe.addresses, keycols(address_id);",
	"map oggoow181.soe.customers, target soe.customers, keycols(customer_id);",
	"map oggoow181.soe.orders, target soe.orders, keycols(order_id);",
	"map oggoow181.soe.order_items, target soe.order_items, keycols(order_id, line_item_id);",
	"map oggoow181.soe.card_details, target soe.card_details, keycols(card_id);",
	"map oggoow181.soe.logon, target soe.logon;",
	"map oggoow181.soe.product_information, target soe.product_information;",
	"map oggoow181.soe.inventories, target soe.inventories, keycols(product_id, warehouse_id);",
	"map oggoow181.soe.product_descriptions, target soe.product_descriptions;",
	"map oggoow181.soe.warehouses, target soe.warehouses;",
	"map oggoow181.soe.orderentry_metadata, target soe.orderentry_metadata;"
],
"source":{
"name":"X2"
},
"credentials":{
"alias":"TGGATE"
},
"checkpoint":{
"table":"ggate.checkpoints"
},
"mode":{
"type":"integrated"
},
"registration": "standard",
"begin":"now",
"status":"stopped"
}
